filename,path,category,source
formal_0000.jpg,D:\Glance ML Interview\data\images\formal\formal_0000.jpg,formal,unsplash
formal_0001.jpg,D:\Glance ML Interview\data\images\formal\formal_0001.jpg,formal,unsplash
formal_0002.jpg,D:\Glance ML Interview\data\images\formal\formal_0002.jpg,formal,unsplash
formal_0003.jpg,D:\Glance ML Interview\data\images\formal\formal_0003.jpg,formal,unsplash
formal_0004.jpg,D:\Glance ML Interview\data\images\formal\formal_0004.jpg,formal,unsplash
formal_0005.jpg,D:\Glance ML Interview\data\images\formal\formal_0005.jpg,formal,unsplash
formal_0006.jpg,D:\Glance ML Interview\data\images\formal\formal_0006.jpg,formal,unsplash
formal_0007.jpg,D:\Glance ML Interview\data\images\formal\formal_0007.jpg,formal,unsplash
formal_0008.jpg,D:\Glance ML Interview\data\images\formal\formal_0008.jpg,formal,unsplash
formal_0009.jpg,D:\Glance ML Interview\data\images\formal\formal_0009.jpg,formal,unsplash
formal_0010.jpg,D:\Glance ML Interview\data\images\formal\formal_0010.jpg,formal,unsplash
formal_0011.jpg,D:\Glance ML Interview\data\images\formal\formal_0011.jpg,formal,unsplash
formal_0012.jpg,D:\Glance ML Interview\data\images\formal\formal_0012.jpg,formal,unsplash
formal_0013.jpg,D:\Glance ML Interview\data\images\formal\formal_0013.jpg,formal,unsplash
formal_0014.jpg,D:\Glance ML Interview\data\images\formal\formal_0014.jpg,formal,unsplash
formal_0016.jpg,D:\Glance ML Interview\data\images\formal\formal_0016.jpg,formal,unsplash
formal_0017.jpg,D:\Glance ML Interview\data\images\formal\formal_0017.jpg,formal,unsplash
formal_0018.jpg,D:\Glance ML Interview\data\images\formal\formal_0018.jpg,formal,unsplash
formal_0019.jpg,D:\Glance ML Interview\data\images\formal\formal_0019.jpg,formal,unsplash
formal_0020.jpg,D:\Glance ML Interview\data\images\formal\formal_0020.jpg,formal,unsplash
formal_0022.jpg,D:\Glance ML Interview\data\images\formal\formal_0022.jpg,formal,unsplash
formal_0025.jpg,D:\Glance ML Interview\data\images\formal\formal_0025.jpg,formal,unsplash
formal_0027.jpg,D:\Glance ML Interview\data\images\formal\formal_0027.jpg,formal,unsplash
casual_0000.jpg,D:\Glance ML Interview\data\images\casual\casual_0000.jpg,casual,unsplash
casual_0001.jpg,D:\Glance ML Interview\data\images\casual\casual_0001.jpg,casual,unsplash
casual_0002.jpg,D:\Glance ML Interview\data\images\casual\casual_0002.jpg,casual,unsplash
casual_0003.jpg,D:\Glance ML Interview\data\images\casual\casual_0003.jpg,casual,unsplash
casual_0004.jpg,D:\Glance ML Interview\data\images\casual\casual_0004.jpg,casual,unsplash
casual_0005.jpg,D:\Glance ML Interview\data\images\casual\casual_0005.jpg,casual,unsplash
casual_0006.jpg,D:\Glance ML Interview\data\images\casual\casual_0006.jpg,casual,unsplash
casual_0007.jpg,D:\Glance ML Interview\data\images\casual\casual_0007.jpg,casual,unsplash
casual_0008.jpg,D:\Glance ML Interview\data\images\casual\casual_0008.jpg,casual,unsplash
casual_0009.jpg,D:\Glance ML Interview\data\images\casual\casual_0009.jpg,casual,unsplash
casual_0010.jpg,D:\Glance ML Interview\data\images\casual\casual_0010.jpg,casual,unsplash
casual_0011.jpg,D:\Glance ML Interview\data\images\casual\casual_0011.jpg,casual,unsplash
casual_0012.jpg,D:\Glance ML Interview\data\images\casual\casual_0012.jpg,casual,unsplash
casual_0013.jpg,D:\Glance ML Interview\data\images\casual\casual_0013.jpg,casual,unsplash
casual_0014.jpg,D:\Glance ML Interview\data\images\casual\casual_0014.jpg,casual,unsplash
casual_0015.jpg,D:\Glance ML Interview\data\images\casual\casual_0015.jpg,casual,unsplash
casual_0016.jpg,D:\Glance ML Interview\data\images\casual\casual_0016.jpg,casual,unsplash
casual_0017.jpg,D:\Glance ML Interview\data\images\casual\casual_0017.jpg,casual,unsplash
casual_0018.jpg,D:\Glance ML Interview\data\images\casual\casual_0018.jpg,casual,unsplash
casual_0019.jpg,D:\Glance ML Interview\data\images\casual\casual_0019.jpg,casual,unsplash
casual_0020.jpg,D:\Glance ML Interview\data\images\casual\casual_0020.jpg,casual,unsplash
casual_0026.jpg,D:\Glance ML Interview\data\images\casual\casual_0026.jpg,casual,unsplash
outerwear_0000.jpg,D:\Glance ML Interview\data\images\outerwear\outerwear_0000.jpg,outerwear,unsplash
outerwear_0001.jpg,D:\Glance ML Interview\data\images\outerwear\outerwear_0001.jpg,outerwear,unsplash
outerwear_0002.jpg,D:\Glance ML Interview\data\images\outerwear\outerwear_0002.jpg,outerwear,unsplash
outerwear_0003.jpg,D:\Glance ML Interview\data\images\outerwear\outerwear_0003.jpg,outerwear,unsplash
outerwear_0004.jpg,D:\Glance ML Interview\data\images\outerwear\outerwear_0004.jpg,outerwear,unsplash
outerwear_0005.jpg,D:\Glance ML Interview\data\images\outerwear\outerwear_0005.jpg,outerwear,unsplash
outerwear_0006.jpg,D:\Glance ML Interview\data\images\outerwear\outerwear_0006.jpg,outerwear,unsplash
outerwear_0007.jpg,D:\Glance ML Interview\data\images\outerwear\outerwear_0007.jpg,outerwear,unsplash
outerwear_0008.jpg,D:\Glance ML Interview\data\images\outerwear\outerwear_0008.jpg,outerwear,unsplash
outerwear_0009.jpg,D:\Glance ML Interview\data\images\outerwear\outerwear_0009.jpg,outerwear,unsplash
outerwear_0010.jpg,D:\Glance ML Interview\data\images\outerwear\outerwear_0010.jpg,outerwear,unsplash
outerwear_0011.jpg,D:\Glance ML Interview\data\images\outerwear\outerwear_0011.jpg,outerwear,unsplash
outerwear_0012.jpg,D:\Glance ML Interview\data\images\outerwear\outerwear_0012.jpg,outerwear,unsplash
outerwear_0013.jpg,D:\Glance ML Interview\data\images\outerwear\outerwear_0013.jpg,outerwear,unsplash
outerwear_0014.jpg,D:\Glance ML Interview\data\images\outerwear\outerwear_0014.jpg,outerwear,unsplash
outerwear_0015.jpg,D:\Glance ML Interview\data\images\outerwear\outerwear_0015.jpg,outerwear,unsplash
outerwear_0016.jpg,D:\Glance ML Interview\data\images\outerwear\outerwear_0016.jpg,outerwear,unsplash
outerwear_0017.jpg,D:\Glance ML Interview\data\images\outerwear\outerwear_0017.jpg,outerwear,unsplash
outerwear_0018.jpg,D:\Glance ML Interview\data\images\outerwear\outerwear_0018.jpg,outerwear,unsplash
outerwear_0019.jpg,D:\Glance ML Interview\data\images\outerwear\outerwear_0019.jpg,outerwear,unsplash
outerwear_0027.jpg,D:\Glance ML Interview\data\images\outerwear\outerwear_0027.jpg,outerwear,unsplash
mixed_0000.jpg,D:\Glance ML Interview\data\images\mixed\mixed_0000.jpg,mixed,unsplash
mixed_0001.jpg,D:\Glance ML Interview\data\images\mixed\mixed_0001.jpg,mixed,unsplash
mixed_0002.jpg,D:\Glance ML Interview\data\images\mixed\mixed_0002.jpg,mixed,unsplash
mixed_0003.jpg,D:\Glance ML Interview\data\images\mixed\mixed_0003.jpg,mixed,unsplash
mixed_0004.jpg,D:\Glance ML Interview\data\images\mixed\mixed_0004.jpg,mixed,unsplash
mixed_0005.jpg,D:\Glance ML Interview\data\images\mixed\mixed_0005.jpg,mixed,unsplash
mixed_0006.jpg,D:\Glance ML Interview\data\images\mixed\mixed_0006.jpg,mixed,unsplash
mixed_0007.jpg,D:\Glance ML Interview\data\images\mixed\mixed_0007.jpg,mixed,unsplash
mixed_0008.jpg,D:\Glance ML Interview\data\images\mixed\mixed_0008.jpg,mixed,unsplash
mixed_0009.jpg,D:\Glance ML Interview\data\images\mixed\mixed_0009.jpg,mixed,unsplash
mixed_0010.jpg,D:\Glance ML Interview\data\images\mixed\mixed_0010.jpg,mixed,unsplash
mixed_0011.jpg,D:\Glance ML Interview\data\images\mixed\mixed_0011.jpg,mixed,unsplash
mixed_0012.jpg,D:\Glance ML Interview\data\images\mixed\mixed_0012.jpg,mixed,unsplash
mixed_0013.jpg,D:\Glance ML Interview\data\images\mixed\mixed_0013.jpg,mixed,unsplash
mixed_0014.jpg,D:\Glance ML Interview\data\images\mixed\mixed_0014.jpg,mixed,unsplash
mixed_0015.jpg,D:\Glance ML Interview\data\images\mixed\mixed_0015.jpg,mixed,unsplash
mixed_0016.jpg,D:\Glance ML Interview\data\images\mixed\mixed_0016.jpg,mixed,unsplash
mixed_0017.jpg,D:\Glance ML Interview\data\images\mixed\mixed_0017.jpg,mixed,unsplash
mixed_0018.jpg,D:\Glance ML Interview\data\images\mixed\mixed_0018.jpg,mixed,unsplash
mixed_0019.jpg,D:\Glance ML Interview\data\images\mixed\mixed_0019.jpg,mixed,unsplash
mixed_0022.jpg,D:\Glance ML Interview\data\images\mixed\mixed_0022.jpg,mixed,unsplash
synth_00000_red_blazer.jpg,D:\Glance ML Interview\data\images\synthetic\synth_00000_red_blazer.jpg,casual,synthetic
synth_00001_blue_shirt.jpg,D:\Glance ML Interview\data\images\synthetic\synth_00001_blue_shirt.jpg,casual,synthetic
synth_00002_yellow_jacket.jpg,D:\Glance ML Interview\data\images\synthetic\synth_00002_yellow_jacket.jpg,outerwear,synthetic
synth_00003_green_raincoat.jpg,D:\Glance ML Interview\data\images\synthetic\synth_00003_green_raincoat.jpg,casual,synthetic
synth_00004_black_dress.jpg,D:\Glance ML Interview\data\images\synthetic\synth_00004_black_dress.jpg,formal,synthetic
synth_00005_white_hoodie.jpg,D:\Glance ML Interview\data\images\synthetic\synth_00005_white_hoodie.jpg,formal,synthetic
synth_00006_navy_coat.jpg,D:\Glance ML Interview\data\images\synthetic\synth_00006_navy_coat.jpg,formal,synthetic
synth_00007_orange_tie.jpg,D:\Glance ML Interview\data\images\synthetic\synth_00007_orange_tie.jpg,outerwear,synthetic
synth_00008_pink_sweater.jpg,D:\Glance ML Interview\data\images\synthetic\synth_00008_pink_sweater.jpg,mixed,synthetic
synth_00009_purple_blouse.jpg,D:\Glance ML Interview\data\images\synthetic\synth_00009_purple_blouse.jpg,mixed,synthetic
synth_00010_grey_blazer.jpg,D:\Glance ML Interview\data\images\synthetic\synth_00010_grey_blazer.jpg,mixed,synthetic
synth_00011_brown_shirt.jpg,D:\Glance ML Interview\data\images\synthetic\synth_00011_brown_shirt.jpg,outerwear,synthetic
synth_00012_teal_jacket.jpg,D:\Glance ML Interview\data\images\synthetic\synth_00012_teal_jacket.jpg,casual,synthetic
synth_00013_olive_raincoat.jpg,D:\Glance ML Interview\data\images\synthetic\synth_00013_olive_raincoat.jpg,outerwear,synthetic
synth_00014_maroon_dress.jpg,D:\Glance ML Interview\data\images\synthetic\synth_00014_maroon_dress.jpg,formal,synthetic
synth_00015_red_hoodie.jpg,D:\Glance ML Interview\data\images\synthetic\synth_00015_red_hoodie.jpg,casual,synthetic
synth_00016_blue_coat.jpg,D:\Glance ML Interview\data\images\synthetic\synth_00016_blue_coat.jpg,casual,synthetic
synth_00017_yellow_tie.jpg,D:\Glance ML Interview\data\images\synthetic\synth_00017_yellow_tie.jpg,outerwear,synthetic
synth_00018_green_sweater.jpg,D:\Glance ML Interview\data\images\synthetic\synth_00018_green_sweater.jpg,casual,synthetic
synth_00019_black_blouse.jpg,D:\Glance ML Interview\data\images\synthetic\synth_00019_black_blouse.jpg,formal,synthetic
synth_00020_white_blazer.jpg,D:\Glance ML Interview\data\images\synthetic\synth_00020_white_blazer.jpg,formal,synthetic
synth_00021_navy_shirt.jpg,D:\Glance ML Interview\data\images\synthetic\synth_00021_navy_shirt.jpg,formal,synthetic
synth_00022_orange_jacket.jpg,D:\Glance ML Interview\data\images\synthetic\synth_00022_orange_jacket.jpg,outerwear,synthetic
synth_00023_pink_raincoat.jpg,D:\Glance ML Interview\data\images\synthetic\synth_00023_pink_raincoat.jpg,mixed,synthetic
synth_00024_purple_dress.jpg,D:\Glance ML Interview\data\images\synthetic\synth_00024_purple_dress.jpg,mixed,synthetic
synth_00025_grey_hoodie.jpg,D:\Glance ML Interview\data\images\synthetic\synth_00025_grey_hoodie.jpg,mixed,synthetic
synth_00026_brown_coat.jpg,D:\Glance ML Interview\data\images\synthetic\synth_00026_brown_coat.jpg,outerwear,synthetic
synth_00027_teal_tie.jpg,D:\Glance ML Interview\data\images\synthetic\synth_00027_teal_tie.jpg,casual,synthetic
synth_00028_olive_sweater.jpg,D:\Glance ML Interview\data\images\synthetic\synth_00028_olive_sweater.jpg,outerwear,synthetic
synth_00029_maroon_blouse.jpg,D:\Glance ML Interview\data\images\synthetic\synth_00029_maroon_blouse.jpg,formal,synthetic
synth_00030_red_blazer.jpg,D:\Glance ML Interview\data\images\synthetic\synth_00030_red_blazer.jpg,casual,synthetic
synth_00031_blue_shirt.jpg,D:\Glance ML Interview\data\images\synthetic\synth_00031_blue_shirt.jpg,casual,synthetic
synth_00032_yellow_jacket.jpg,D:\Glance ML Interview\data\images\synthetic\synth_00032_yellow_jacket.jpg,outerwear,synthetic
synth_00033_green_raincoat.jpg,D:\Glance ML Interview\data\images\synthetic\synth_00033_green_raincoat.jpg,casual,synthetic
synth_00034_black_dress.jpg,D:\Glance ML Interview\data\images\synthetic\synth_00034_black_dress.jpg,formal,synthetic
synth_00035_white_hoodie.jpg,D:\Glance ML Interview\data\images\synthetic\synth_00035_white_hoodie.jpg,formal,synthetic
synth_00036_navy_coat.jpg,D:\Glance ML Interview\data\images\synthetic\synth_00036_navy_coat.jpg,formal,synthetic
synth_00037_orange_tie.jpg,D:\Glance ML Interview\data\images\synthetic\synth_00037_orange_tie.jpg,outerwear,synthetic
synth_00038_pink_sweater.jpg,D:\Glance ML Interview\data\images\synthetic\synth_00038_pink_sweater.jpg,mixed,synthetic
synth_00039_purple_blouse.jpg,D:\Glance ML Interview\data\images\synthetic\synth_00039_purple_blouse.jpg,mixed,synthetic
synth_00040_grey_blazer.jpg,D:\Glance ML Interview\data\images\synthetic\synth_00040_grey_blazer.jpg,mixed,synthetic
synth_00041_brown_shirt.jpg,D:\Glance ML Interview\data\images\synthetic\synth_00041_brown_shirt.jpg,outerwear,synthetic
synth_00042_teal_jacket.jpg,D:\Glance ML Interview\data\images\synthetic\synth_00042_teal_jacket.jpg,casual,synthetic
synth_00043_olive_raincoat.jpg,D:\Glance ML Interview\data\images\synthetic\synth_00043_olive_raincoat.jpg,outerwear,synthetic
synth_00044_maroon_dress.jpg,D:\Glance ML Interview\data\images\synthetic\synth_00044_maroon_dress.jpg,formal,synthetic
synth_00045_red_hoodie.jpg,D:\Glance ML Interview\data\images\synthetic\synth_00045_red_hoodie.jpg,casual,synthetic
synth_00046_blue_coat.jpg,D:\Glance ML Interview\data\images\synthetic\synth_00046_blue_coat.jpg,casual,synthetic
synth_00047_yellow_tie.jpg,D:\Glance ML Interview\data\images\synthetic\synth_00047_yellow_tie.jpg,outerwear,synthetic
synth_00048_green_sweater.jpg,D:\Glance ML Interview\data\images\synthetic\synth_00048_green_sweater.jpg,casual,synthetic
synth_00049_black_blouse.jpg,D:\Glance ML Interview\data\images\synthetic\synth_00049_black_blouse.jpg,formal,synthetic
synth_00050_white_blazer.jpg,D:\Glance ML Interview\data\images\synthetic\synth_00050_white_blazer.jpg,formal,synthetic
synth_00051_navy_shirt.jpg,D:\Glance ML Interview\data\images\synthetic\synth_00051_navy_shirt.jpg,formal,synthetic
synth_00052_orange_jacket.jpg,D:\Glance ML Interview\data\images\synthetic\synth_00052_orange_jacket.jpg,outerwear,synthetic
synth_00053_pink_raincoat.jpg,D:\Glance ML Interview\data\images\synthetic\synth_00053_pink_raincoat.jpg,mixed,synthetic
synth_00054_purple_dress.jpg,D:\Glance ML Interview\data\images\synthetic\synth_00054_purple_dress.jpg,mixed,synthetic
synth_00055_grey_hoodie.jpg,D:\Glance ML Interview\data\images\synthetic\synth_00055_grey_hoodie.jpg,mixed,synthetic
synth_00056_brown_coat.jpg,D:\Glance ML Interview\data\images\synthetic\synth_00056_brown_coat.jpg,outerwear,synthetic
synth_00057_teal_tie.jpg,D:\Glance ML Interview\data\images\synthetic\synth_00057_teal_tie.jpg,casual,synthetic
synth_00058_olive_sweater.jpg,D:\Glance ML Interview\data\images\synthetic\synth_00058_olive_sweater.jpg,outerwear,synthetic
synth_00059_maroon_blouse.jpg,D:\Glance ML Interview\data\images\synthetic\synth_00059_maroon_blouse.jpg,formal,synthetic
synth_00060_red_blazer.jpg,D:\Glance ML Interview\data\images\synthetic\synth_00060_red_blazer.jpg,casual,synthetic
synth_00061_blue_shirt.jpg,D:\Glance ML Interview\data\images\synthetic\synth_00061_blue_shirt.jpg,casual,synthetic
synth_00062_yellow_jacket.jpg,D:\Glance ML Interview\data\images\synthetic\synth_00062_yellow_jacket.jpg,outerwear,synthetic
synth_00063_green_raincoat.jpg,D:\Glance ML Interview\data\images\synthetic\synth_00063_green_raincoat.jpg,casual,synthetic
synth_00064_black_dress.jpg,D:\Glance ML Interview\data\images\synthetic\synth_00064_black_dress.jpg,formal,synthetic
synth_00065_white_hoodie.jpg,D:\Glance ML Interview\data\images\synthetic\synth_00065_white_hoodie.jpg,formal,synthetic
synth_00066_navy_coat.jpg,D:\Glance ML Interview\data\images\synthetic\synth_00066_navy_coat.jpg,formal,synthetic
synth_00067_orange_tie.jpg,D:\Glance ML Interview\data\images\synthetic\synth_00067_orange_tie.jpg,outerwear,synthetic
synth_00068_pink_sweater.jpg,D:\Glance ML Interview\data\images\synthetic\synth_00068_pink_sweater.jpg,mixed,synthetic
synth_00069_purple_blouse.jpg,D:\Glance ML Interview\data\images\synthetic\synth_00069_purple_blouse.jpg,mixed,synthetic
synth_00070_grey_blazer.jpg,D:\Glance ML Interview\data\images\synthetic\synth_00070_grey_blazer.jpg,mixed,synthetic
synth_00071_brown_shirt.jpg,D:\Glance ML Interview\data\images\synthetic\synth_00071_brown_shirt.jpg,outerwear,synthetic
synth_00072_teal_jacket.jpg,D:\Glance ML Interview\data\images\synthetic\synth_00072_teal_jacket.jpg,casual,synthetic
synth_00073_olive_raincoat.jpg,D:\Glance ML Interview\data\images\synthetic\synth_00073_olive_raincoat.jpg,outerwear,synthetic
synth_00074_maroon_dress.jpg,D:\Glance ML Interview\data\images\synthetic\synth_00074_maroon_dress.jpg,formal,synthetic
synth_00075_red_hoodie.jpg,D:\Glance ML Interview\data\images\synthetic\synth_00075_red_hoodie.jpg,casual,synthetic
synth_00076_blue_coat.jpg,D:\Glance ML Interview\data\images\synthetic\synth_00076_blue_coat.jpg,casual,synthetic
synth_00077_yellow_tie.jpg,D:\Glance ML Interview\data\images\synthetic\synth_00077_yellow_tie.jpg,outerwear,synthetic
synth_00078_green_sweater.jpg,D:\Glance ML Interview\data\images\synthetic\synth_00078_green_sweater.jpg,casual,synthetic
synth_00079_black_blouse.jpg,D:\Glance ML Interview\data\images\synthetic\synth_00079_black_blouse.jpg,formal,synthetic
synth_00080_white_blazer.jpg,D:\Glance ML Interview\data\images\synthetic\synth_00080_white_blazer.jpg,formal,synthetic
synth_00081_navy_shirt.jpg,D:\Glance ML Interview\data\images\synthetic\synth_00081_navy_shirt.jpg,formal,synthetic
synth_00082_orange_jacket.jpg,D:\Glance ML Interview\data\images\synthetic\synth_00082_orange_jacket.jpg,outerwear,synthetic
synth_00083_pink_raincoat.jpg,D:\Glance ML Interview\data\images\synthetic\synth_00083_pink_raincoat.jpg,mixed,synthetic
synth_00084_purple_dress.jpg,D:\Glance ML Interview\data\images\synthetic\synth_00084_purple_dress.jpg,mixed,synthetic
synth_00085_grey_hoodie.jpg,D:\Glance ML Interview\data\images\synthetic\synth_00085_grey_hoodie.jpg,mixed,synthetic
synth_00086_brown_coat.jpg,D:\Glance ML Interview\data\images\synthetic\synth_00086_brown_coat.jpg,outerwear,synthetic
synth_00087_teal_tie.jpg,D:\Glance ML Interview\data\images\synthetic\synth_00087_teal_tie.jpg,casual,synthetic
synth_00088_olive_sweater.jpg,D:\Glance ML Interview\data\images\synthetic\synth_00088_olive_sweater.jpg,outerwear,synthetic
synth_00089_maroon_blouse.jpg,D:\Glance ML Interview\data\images\synthetic\synth_00089_maroon_blouse.jpg,formal,synthetic
synth_00090_red_blazer.jpg,D:\Glance ML Interview\data\images\synthetic\synth_00090_red_blazer.jpg,casual,synthetic
synth_00091_blue_shirt.jpg,D:\Glance ML Interview\data\images\synthetic\synth_00091_blue_shirt.jpg,casual,synthetic
synth_00092_yellow_jacket.jpg,D:\Glance ML Interview\data\images\synthetic\synth_00092_yellow_jacket.jpg,outerwear,synthetic
synth_00093_green_raincoat.jpg,D:\Glance ML Interview\data\images\synthetic\synth_00093_green_raincoat.jpg,casual,synthetic
synth_00094_black_dress.jpg,D:\Glance ML Interview\data\images\synthetic\synth_00094_black_dress.jpg,formal,synthetic
synth_00095_white_hoodie.jpg,D:\Glance ML Interview\data\images\synthetic\synth_00095_white_hoodie.jpg,formal,synthetic
synth_00096_navy_coat.jpg,D:\Glance ML Interview\data\images\synthetic\synth_00096_navy_coat.jpg,formal,synthetic
synth_00097_orange_tie.jpg,D:\Glance ML Interview\data\images\synthetic\synth_00097_orange_tie.jpg,outerwear,synthetic
synth_00098_pink_sweater.jpg,D:\Glance ML Interview\data\images\synthetic\synth_00098_pink_sweater.jpg,mixed,synthetic
synth_00099_purple_blouse.jpg,D:\Glance ML Interview\data\images\synthetic\synth_00099_purple_blouse.jpg,mixed,synthetic
synth_00100_grey_blazer.jpg,D:\Glance ML Interview\data\images\synthetic\synth_00100_grey_blazer.jpg,mixed,synthetic
synth_00101_brown_shirt.jpg,D:\Glance ML Interview\data\images\synthetic\synth_00101_brown_shirt.jpg,outerwear,synthetic
synth_00102_teal_jacket.jpg,D:\Glance ML Interview\data\images\synthetic\synth_00102_teal_jacket.jpg,casual,synthetic
synth_00103_olive_raincoat.jpg,D:\Glance ML Interview\data\images\synthetic\synth_00103_olive_raincoat.jpg,outerwear,synthetic
synth_00104_maroon_dress.jpg,D:\Glance ML Interview\data\images\synthetic\synth_00104_maroon_dress.jpg,formal,synthetic
synth_00105_red_hoodie.jpg,D:\Glance ML Interview\data\images\synthetic\synth_00105_red_hoodie.jpg,casual,synthetic
synth_00106_blue_coat.jpg,D:\Glance ML Interview\data\images\synthetic\synth_00106_blue_coat.jpg,casual,synthetic
synth_00107_yellow_tie.jpg,D:\Glance ML Interview\data\images\synthetic\synth_00107_yellow_tie.jpg,outerwear,synthetic
synth_00108_green_sweater.jpg,D:\Glance ML Interview\data\images\synthetic\synth_00108_green_sweater.jpg,casual,synthetic
synth_00109_black_blouse.jpg,D:\Glance ML Interview\data\images\synthetic\synth_00109_black_blouse.jpg,formal,synthetic
synth_00110_white_blazer.jpg,D:\Glance ML Interview\data\images\synthetic\synth_00110_white_blazer.jpg,formal,synthetic
synth_00111_navy_shirt.jpg,D:\Glance ML Interview\data\images\synthetic\synth_00111_navy_shirt.jpg,formal,synthetic
synth_00112_orange_jacket.jpg,D:\Glance ML Interview\data\images\synthetic\synth_00112_orange_jacket.jpg,outerwear,synthetic
synth_00113_pink_raincoat.jpg,D:\Glance ML Interview\data\images\synthetic\synth_00113_pink_raincoat.jpg,mixed,synthetic
synth_00114_purple_dress.jpg,D:\Glance ML Interview\data\images\synthetic\synth_00114_purple_dress.jpg,mixed,synthetic
synth_00115_grey_hoodie.jpg,D:\Glance ML Interview\data\images\synthetic\synth_00115_grey_hoodie.jpg,mixed,synthetic
synth_00116_brown_coat.jpg,D:\Glance ML Interview\data\images\synthetic\synth_00116_brown_coat.jpg,outerwear,synthetic
synth_00117_teal_tie.jpg,D:\Glance ML Interview\data\images\synthetic\synth_00117_teal_tie.jpg,casual,synthetic
synth_00118_olive_sweater.jpg,D:\Glance ML Interview\data\images\synthetic\synth_00118_olive_sweater.jpg,outerwear,synthetic
synth_00119_maroon_blouse.jpg,D:\Glance ML Interview\data\images\synthetic\synth_00119_maroon_blouse.jpg,formal,synthetic
synth_00120_red_blazer.jpg,D:\Glance ML Interview\data\images\synthetic\synth_00120_red_blazer.jpg,casual,synthetic
synth_00121_blue_shirt.jpg,D:\Glance ML Interview\data\images\synthetic\synth_00121_blue_shirt.jpg,casual,synthetic
synth_00122_yellow_jacket.jpg,D:\Glance ML Interview\data\images\synthetic\synth_00122_yellow_jacket.jpg,outerwear,synthetic
synth_00123_green_raincoat.jpg,D:\Glance ML Interview\data\images\synthetic\synth_00123_green_raincoat.jpg,casual,synthetic
synth_00124_black_dress.jpg,D:\Glance ML Interview\data\images\synthetic\synth_00124_black_dress.jpg,formal,synthetic
synth_00125_white_hoodie.jpg,D:\Glance ML Interview\data\images\synthetic\synth_00125_white_hoodie.jpg,formal,synthetic
synth_00126_navy_coat.jpg,D:\Glance ML Interview\data\images\synthetic\synth_00126_navy_coat.jpg,formal,synthetic
synth_00127_orange_tie.jpg,D:\Glance ML Interview\data\images\synthetic\synth_00127_orange_tie.jpg,outerwear,synthetic
synth_00128_pink_sweater.jpg,D:\Glance ML Interview\data\images\synthetic\synth_00128_pink_sweater.jpg,mixed,synthetic
synth_00129_purple_blouse.jpg,D:\Glance ML Interview\data\images\synthetic\synth_00129_purple_blouse.jpg,mixed,synthetic
synth_00130_grey_blazer.jpg,D:\Glance ML Interview\data\images\synthetic\synth_00130_grey_blazer.jpg,mixed,synthetic
synth_00131_brown_shirt.jpg,D:\Glance ML Interview\data\images\synthetic\synth_00131_brown_shirt.jpg,outerwear,synthetic
synth_00132_teal_jacket.jpg,D:\Glance ML Interview\data\images\synthetic\synth_00132_teal_jacket.jpg,casual,synthetic
synth_00133_olive_raincoat.jpg,D:\Glance ML Interview\data\images\synthetic\synth_00133_olive_raincoat.jpg,outerwear,synthetic
synth_00134_maroon_dress.jpg,D:\Glance ML Interview\data\images\synthetic\synth_00134_maroon_dress.jpg,formal,synthetic
synth_00135_red_hoodie.jpg,D:\Glance ML Interview\data\images\synthetic\synth_00135_red_hoodie.jpg,casual,synthetic
synth_00136_blue_coat.jpg,D:\Glance ML Interview\data\images\synthetic\synth_00136_blue_coat.jpg,casual,synthetic
synth_00137_yellow_tie.jpg,D:\Glance ML Interview\data\images\synthetic\synth_00137_yellow_tie.jpg,outerwear,synthetic
synth_00138_green_sweater.jpg,D:\Glance ML Interview\data\images\synthetic\synth_00138_green_sweater.jpg,casual,synthetic
synth_00139_black_blouse.jpg,D:\Glance ML Interview\data\images\synthetic\synth_00139_black_blouse.jpg,formal,synthetic
synth_00140_white_blazer.jpg,D:\Glance ML Interview\data\images\synthetic\synth_00140_white_blazer.jpg,formal,synthetic
synth_00141_navy_shirt.jpg,D:\Glance ML Interview\data\images\synthetic\synth_00141_navy_shirt.jpg,formal,synthetic
synth_00142_orange_jacket.jpg,D:\Glance ML Interview\data\images\synthetic\synth_00142_orange_jacket.jpg,outerwear,synthetic
synth_00143_pink_raincoat.jpg,D:\Glance ML Interview\data\images\synthetic\synth_00143_pink_raincoat.jpg,mixed,synthetic
synth_00144_purple_dress.jpg,D:\Glance ML Interview\data\images\synthetic\synth_00144_purple_dress.jpg,mixed,synthetic
synth_00145_grey_hoodie.jpg,D:\Glance ML Interview\data\images\synthetic\synth_00145_grey_hoodie.jpg,mixed,synthetic
synth_00146_brown_coat.jpg,D:\Glance ML Interview\data\images\synthetic\synth_00146_brown_coat.jpg,outerwear,synthetic
synth_00147_teal_tie.jpg,D:\Glance ML Interview\data\images\synthetic\synth_00147_teal_tie.jpg,casual,synthetic
synth_00148_olive_sweater.jpg,D:\Glance ML Interview\data\images\synthetic\synth_00148_olive_sweater.jpg,outerwear,synthetic
synth_00149_maroon_blouse.jpg,D:\Glance ML Interview\data\images\synthetic\synth_00149_maroon_blouse.jpg,formal,synthetic
synth_00150_red_blazer.jpg,D:\Glance ML Interview\data\images\synthetic\synth_00150_red_blazer.jpg,casual,synthetic
synth_00151_blue_shirt.jpg,D:\Glance ML Interview\data\images\synthetic\synth_00151_blue_shirt.jpg,casual,synthetic
synth_00152_yellow_jacket.jpg,D:\Glance ML Interview\data\images\synthetic\synth_00152_yellow_jacket.jpg,outerwear,synthetic
synth_00153_green_raincoat.jpg,D:\Glance ML Interview\data\images\synthetic\synth_00153_green_raincoat.jpg,casual,synthetic
synth_00154_black_dress.jpg,D:\Glance ML Interview\data\images\synthetic\synth_00154_black_dress.jpg,formal,synthetic
synth_00155_white_hoodie.jpg,D:\Glance ML Interview\data\images\synthetic\synth_00155_white_hoodie.jpg,formal,synthetic
synth_00156_navy_coat.jpg,D:\Glance ML Interview\data\images\synthetic\synth_00156_navy_coat.jpg,formal,synthetic
synth_00157_orange_tie.jpg,D:\Glance ML Interview\data\images\synthetic\synth_00157_orange_tie.jpg,outerwear,synthetic
synth_00158_pink_sweater.jpg,D:\Glance ML Interview\data\images\synthetic\synth_00158_pink_sweater.jpg,mixed,synthetic
synth_00159_purple_blouse.jpg,D:\Glance ML Interview\data\images\synthetic\synth_00159_purple_blouse.jpg,mixed,synthetic
synth_00160_grey_blazer.jpg,D:\Glance ML Interview\data\images\synthetic\synth_00160_grey_blazer.jpg,mixed,synthetic
synth_00161_brown_shirt.jpg,D:\Glance ML Interview\data\images\synthetic\synth_00161_brown_shirt.jpg,outerwear,synthetic
synth_00162_teal_jacket.jpg,D:\Glance ML Interview\data\images\synthetic\synth_00162_teal_jacket.jpg,casual,synthetic
synth_00163_olive_raincoat.jpg,D:\Glance ML Interview\data\images\synthetic\synth_00163_olive_raincoat.jpg,outerwear,synthetic
synth_00164_maroon_dress.jpg,D:\Glance ML Interview\data\images\synthetic\synth_00164_maroon_dress.jpg,formal,synthetic
synth_00165_red_hoodie.jpg,D:\Glance ML Interview\data\images\synthetic\synth_00165_red_hoodie.jpg,casual,synthetic
synth_00166_blue_coat.jpg,D:\Glance ML Interview\data\images\synthetic\synth_00166_blue_coat.jpg,casual,synthetic
synth_00167_yellow_tie.jpg,D:\Glance ML Interview\data\images\synthetic\synth_00167_yellow_tie.jpg,outerwear,synthetic
synth_00168_green_sweater.jpg,D:\Glance ML Interview\data\images\synthetic\synth_00168_green_sweater.jpg,casual,synthetic
synth_00169_black_blouse.jpg,D:\Glance ML Interview\data\images\synthetic\synth_00169_black_blouse.jpg,formal,synthetic
synth_00170_white_blazer.jpg,D:\Glance ML Interview\data\images\synthetic\synth_00170_white_blazer.jpg,formal,synthetic
synth_00171_navy_shirt.jpg,D:\Glance ML Interview\data\images\synthetic\synth_00171_navy_shirt.jpg,formal,synthetic
synth_00172_orange_jacket.jpg,D:\Glance ML Interview\data\images\synthetic\synth_00172_orange_jacket.jpg,outerwear,synthetic
synth_00173_pink_raincoat.jpg,D:\Glance ML Interview\data\images\synthetic\synth_00173_pink_raincoat.jpg,mixed,synthetic
synth_00174_purple_dress.jpg,D:\Glance ML Interview\data\images\synthetic\synth_00174_purple_dress.jpg,mixed,synthetic
synth_00175_grey_hoodie.jpg,D:\Glance ML Interview\data\images\synthetic\synth_00175_grey_hoodie.jpg,mixed,synthetic
synth_00176_brown_coat.jpg,D:\Glance ML Interview\data\images\synthetic\synth_00176_brown_coat.jpg,outerwear,synthetic
synth_00177_teal_tie.jpg,D:\Glance ML Interview\data\images\synthetic\synth_00177_teal_tie.jpg,casual,synthetic
synth_00178_olive_sweater.jpg,D:\Glance ML Interview\data\images\synthetic\synth_00178_olive_sweater.jpg,outerwear,synthetic
synth_00179_maroon_blouse.jpg,D:\Glance ML Interview\data\images\synthetic\synth_00179_maroon_blouse.jpg,formal,synthetic
synth_00180_red_blazer.jpg,D:\Glance ML Interview\data\images\synthetic\synth_00180_red_blazer.jpg,casual,synthetic
synth_00181_blue_shirt.jpg,D:\Glance ML Interview\data\images\synthetic\synth_00181_blue_shirt.jpg,casual,synthetic
synth_00182_yellow_jacket.jpg,D:\Glance ML Interview\data\images\synthetic\synth_00182_yellow_jacket.jpg,outerwear,synthetic
synth_00183_green_raincoat.jpg,D:\Glance ML Interview\data\images\synthetic\synth_00183_green_raincoat.jpg,casual,synthetic
synth_00184_black_dress.jpg,D:\Glance ML Interview\data\images\synthetic\synth_00184_black_dress.jpg,formal,synthetic
synth_00185_white_hoodie.jpg,D:\Glance ML Interview\data\images\synthetic\synth_00185_white_hoodie.jpg,formal,synthetic
synth_00186_navy_coat.jpg,D:\Glance ML Interview\data\images\synthetic\synth_00186_navy_coat.jpg,formal,synthetic
synth_00187_orange_tie.jpg,D:\Glance ML Interview\data\images\synthetic\synth_00187_orange_tie.jpg,outerwear,synthetic
synth_00188_pink_sweater.jpg,D:\Glance ML Interview\data\images\synthetic\synth_00188_pink_sweater.jpg,mixed,synthetic
synth_00189_purple_blouse.jpg,D:\Glance ML Interview\data\images\synthetic\synth_00189_purple_blouse.jpg,mixed,synthetic
synth_00190_grey_blazer.jpg,D:\Glance ML Interview\data\images\synthetic\synth_00190_grey_blazer.jpg,mixed,synthetic
synth_00191_brown_shirt.jpg,D:\Glance ML Interview\data\images\synthetic\synth_00191_brown_shirt.jpg,outerwear,synthetic
synth_00192_teal_jacket.jpg,D:\Glance ML Interview\data\images\synthetic\synth_00192_teal_jacket.jpg,casual,synthetic
synth_00193_olive_raincoat.jpg,D:\Glance ML Interview\data\images\synthetic\synth_00193_olive_raincoat.jpg,outerwear,synthetic
synth_00194_maroon_dress.jpg,D:\Glance ML Interview\data\images\synthetic\synth_00194_maroon_dress.jpg,formal,synthetic
synth_00195_red_hoodie.jpg,D:\Glance ML Interview\data\images\synthetic\synth_00195_red_hoodie.jpg,casual,synthetic
synth_00196_blue_coat.jpg,D:\Glance ML Interview\data\images\synthetic\synth_00196_blue_coat.jpg,casual,synthetic
synth_00197_yellow_tie.jpg,D:\Glance ML Interview\data\images\synthetic\synth_00197_yellow_tie.jpg,outerwear,synthetic
synth_00198_green_sweater.jpg,D:\Glance ML Interview\data\images\synthetic\synth_00198_green_sweater.jpg,casual,synthetic
synth_00199_black_blouse.jpg,D:\Glance ML Interview\data\images\synthetic\synth_00199_black_blouse.jpg,formal,synthetic
synth_00200_white_blazer.jpg,D:\Glance ML Interview\data\images\synthetic\synth_00200_white_blazer.jpg,formal,synthetic
synth_00201_navy_shirt.jpg,D:\Glance ML Interview\data\images\synthetic\synth_00201_navy_shirt.jpg,formal,synthetic
synth_00202_orange_jacket.jpg,D:\Glance ML Interview\data\images\synthetic\synth_00202_orange_jacket.jpg,outerwear,synthetic
synth_00203_pink_raincoat.jpg,D:\Glance ML Interview\data\images\synthetic\synth_00203_pink_raincoat.jpg,mixed,synthetic
synth_00204_purple_dress.jpg,D:\Glance ML Interview\data\images\synthetic\synth_00204_purple_dress.jpg,mixed,synthetic
synth_00205_grey_hoodie.jpg,D:\Glance ML Interview\data\images\synthetic\synth_00205_grey_hoodie.jpg,mixed,synthetic
synth_00206_brown_coat.jpg,D:\Glance ML Interview\data\images\synthetic\synth_00206_brown_coat.jpg,outerwear,synthetic
synth_00207_teal_tie.jpg,D:\Glance ML Interview\data\images\synthetic\synth_00207_teal_tie.jpg,casual,synthetic
synth_00208_olive_sweater.jpg,D:\Glance ML Interview\data\images\synthetic\synth_00208_olive_sweater.jpg,outerwear,synthetic
synth_00209_maroon_blouse.jpg,D:\Glance ML Interview\data\images\synthetic\synth_00209_maroon_blouse.jpg,formal,synthetic
synth_00210_red_blazer.jpg,D:\Glance ML Interview\data\images\synthetic\synth_00210_red_blazer.jpg,casual,synthetic
synth_00211_blue_shirt.jpg,D:\Glance ML Interview\data\images\synthetic\synth_00211_blue_shirt.jpg,casual,synthetic
synth_00212_yellow_jacket.jpg,D:\Glance ML Interview\data\images\synthetic\synth_00212_yellow_jacket.jpg,outerwear,synthetic
synth_00213_green_raincoat.jpg,D:\Glance ML Interview\data\images\synthetic\synth_00213_green_raincoat.jpg,casual,synthetic
synth_00214_black_dress.jpg,D:\Glance ML Interview\data\images\synthetic\synth_00214_black_dress.jpg,formal,synthetic
synth_00215_white_hoodie.jpg,D:\Glance ML Interview\data\images\synthetic\synth_00215_white_hoodie.jpg,formal,synthetic
synth_00216_navy_coat.jpg,D:\Glance ML Interview\data\images\synthetic\synth_00216_navy_coat.jpg,formal,synthetic
synth_00217_orange_tie.jpg,D:\Glance ML Interview\data\images\synthetic\synth_00217_orange_tie.jpg,outerwear,synthetic
synth_00218_pink_sweater.jpg,D:\Glance ML Interview\data\images\synthetic\synth_00218_pink_sweater.jpg,mixed,synthetic
synth_00219_purple_blouse.jpg,D:\Glance ML Interview\data\images\synthetic\synth_00219_purple_blouse.jpg,mixed,synthetic
synth_00220_grey_blazer.jpg,D:\Glance ML Interview\data\images\synthetic\synth_00220_grey_blazer.jpg,mixed,synthetic
synth_00221_brown_shirt.jpg,D:\Glance ML Interview\data\images\synthetic\synth_00221_brown_shirt.jpg,outerwear,synthetic
synth_00222_teal_jacket.jpg,D:\Glance ML Interview\data\images\synthetic\synth_00222_teal_jacket.jpg,casual,synthetic
synth_00223_olive_raincoat.jpg,D:\Glance ML Interview\data\images\synthetic\synth_00223_olive_raincoat.jpg,outerwear,synthetic
synth_00224_maroon_dress.jpg,D:\Glance ML Interview\data\images\synthetic\synth_00224_maroon_dress.jpg,formal,synthetic
synth_00225_red_hoodie.jpg,D:\Glance ML Interview\data\images\synthetic\synth_00225_red_hoodie.jpg,casual,synthetic
synth_00226_blue_coat.jpg,D:\Glance ML Interview\data\images\synthetic\synth_00226_blue_coat.jpg,casual,synthetic
synth_00227_yellow_tie.jpg,D:\Glance ML Interview\data\images\synthetic\synth_00227_yellow_tie.jpg,outerwear,synthetic
synth_00228_green_sweater.jpg,D:\Glance ML Interview\data\images\synthetic\synth_00228_green_sweater.jpg,casual,synthetic
synth_00229_black_blouse.jpg,D:\Glance ML Interview\data\images\synthetic\synth_00229_black_blouse.jpg,formal,synthetic
synth_00230_white_blazer.jpg,D:\Glance ML Interview\data\images\synthetic\synth_00230_white_blazer.jpg,formal,synthetic
synth_00231_navy_shirt.jpg,D:\Glance ML Interview\data\images\synthetic\synth_00231_navy_shirt.jpg,formal,synthetic
synth_00232_orange_jacket.jpg,D:\Glance ML Interview\data\images\synthetic\synth_00232_orange_jacket.jpg,outerwear,synthetic
synth_00233_pink_raincoat.jpg,D:\Glance ML Interview\data\images\synthetic\synth_00233_pink_raincoat.jpg,mixed,synthetic
synth_00234_purple_dress.jpg,D:\Glance ML Interview\data\images\synthetic\synth_00234_purple_dress.jpg,mixed,synthetic
synth_00235_grey_hoodie.jpg,D:\Glance ML Interview\data\images\synthetic\synth_00235_grey_hoodie.jpg,mixed,synthetic
synth_00236_brown_coat.jpg,D:\Glance ML Interview\data\images\synthetic\synth_00236_brown_coat.jpg,outerwear,synthetic
synth_00237_teal_tie.jpg,D:\Glance ML Interview\data\images\synthetic\synth_00237_teal_tie.jpg,casual,synthetic
synth_00238_olive_sweater.jpg,D:\Glance ML Interview\data\images\synthetic\synth_00238_olive_sweater.jpg,outerwear,synthetic
synth_00239_maroon_blouse.jpg,D:\Glance ML Interview\data\images\synthetic\synth_00239_maroon_blouse.jpg,formal,synthetic
synth_00240_red_blazer.jpg,D:\Glance ML Interview\data\images\synthetic\synth_00240_red_blazer.jpg,casual,synthetic
synth_00241_blue_shirt.jpg,D:\Glance ML Interview\data\images\synthetic\synth_00241_blue_shirt.jpg,casual,synthetic
synth_00242_yellow_jacket.jpg,D:\Glance ML Interview\data\images\synthetic\synth_00242_yellow_jacket.jpg,outerwear,synthetic
synth_00243_green_raincoat.jpg,D:\Glance ML Interview\data\images\synthetic\synth_00243_green_raincoat.jpg,casual,synthetic
synth_00244_black_dress.jpg,D:\Glance ML Interview\data\images\synthetic\synth_00244_black_dress.jpg,formal,synthetic
synth_00245_white_hoodie.jpg,D:\Glance ML Interview\data\images\synthetic\synth_00245_white_hoodie.jpg,formal,synthetic
synth_00246_navy_coat.jpg,D:\Glance ML Interview\data\images\synthetic\synth_00246_navy_coat.jpg,formal,synthetic
synth_00247_orange_tie.jpg,D:\Glance ML Interview\data\images\synthetic\synth_00247_orange_tie.jpg,outerwear,synthetic
synth_00248_pink_sweater.jpg,D:\Glance ML Interview\data\images\synthetic\synth_00248_pink_sweater.jpg,mixed,synthetic
synth_00249_purple_blouse.jpg,D:\Glance ML Interview\data\images\synthetic\synth_00249_purple_blouse.jpg,mixed,synthetic
synth_00250_grey_blazer.jpg,D:\Glance ML Interview\data\images\synthetic\synth_00250_grey_blazer.jpg,mixed,synthetic
synth_00251_brown_shirt.jpg,D:\Glance ML Interview\data\images\synthetic\synth_00251_brown_shirt.jpg,outerwear,synthetic
synth_00252_teal_jacket.jpg,D:\Glance ML Interview\data\images\synthetic\synth_00252_teal_jacket.jpg,casual,synthetic
synth_00253_olive_raincoat.jpg,D:\Glance ML Interview\data\images\synthetic\synth_00253_olive_raincoat.jpg,outerwear,synthetic
synth_00254_maroon_dress.jpg,D:\Glance ML Interview\data\images\synthetic\synth_00254_maroon_dress.jpg,formal,synthetic
synth_00255_red_hoodie.jpg,D:\Glance ML Interview\data\images\synthetic\synth_00255_red_hoodie.jpg,casual,synthetic
synth_00256_blue_coat.jpg,D:\Glance ML Interview\data\images\synthetic\synth_00256_blue_coat.jpg,casual,synthetic
synth_00257_yellow_tie.jpg,D:\Glance ML Interview\data\images\synthetic\synth_00257_yellow_tie.jpg,outerwear,synthetic
synth_00258_green_sweater.jpg,D:\Glance ML Interview\data\images\synthetic\synth_00258_green_sweater.jpg,casual,synthetic
synth_00259_black_blouse.jpg,D:\Glance ML Interview\data\images\synthetic\synth_00259_black_blouse.jpg,formal,synthetic
synth_00260_white_blazer.jpg,D:\Glance ML Interview\data\images\synthetic\synth_00260_white_blazer.jpg,formal,synthetic
synth_00261_navy_shirt.jpg,D:\Glance ML Interview\data\images\synthetic\synth_00261_navy_shirt.jpg,formal,synthetic
synth_00262_orange_jacket.jpg,D:\Glance ML Interview\data\images\synthetic\synth_00262_orange_jacket.jpg,outerwear,synthetic
synth_00263_pink_raincoat.jpg,D:\Glance ML Interview\data\images\synthetic\synth_00263_pink_raincoat.jpg,mixed,synthetic
synth_00264_purple_dress.jpg,D:\Glance ML Interview\data\images\synthetic\synth_00264_purple_dress.jpg,mixed,synthetic
synth_00265_grey_hoodie.jpg,D:\Glance ML Interview\data\images\synthetic\synth_00265_grey_hoodie.jpg,mixed,synthetic
synth_00266_brown_coat.jpg,D:\Glance ML Interview\data\images\synthetic\synth_00266_brown_coat.jpg,outerwear,synthetic
synth_00267_teal_tie.jpg,D:\Glance ML Interview\data\images\synthetic\synth_00267_teal_tie.jpg,casual,synthetic
synth_00268_olive_sweater.jpg,D:\Glance ML Interview\data\images\synthetic\synth_00268_olive_sweater.jpg,outerwear,synthetic
synth_00269_maroon_blouse.jpg,D:\Glance ML Interview\data\images\synthetic\synth_00269_maroon_blouse.jpg,formal,synthetic
synth_00270_red_blazer.jpg,D:\Glance ML Interview\data\images\synthetic\synth_00270_red_blazer.jpg,casual,synthetic
synth_00271_blue_shirt.jpg,D:\Glance ML Interview\data\images\synthetic\synth_00271_blue_shirt.jpg,casual,synthetic
synth_00272_yellow_jacket.jpg,D:\Glance ML Interview\data\images\synthetic\synth_00272_yellow_jacket.jpg,outerwear,synthetic
synth_00273_green_raincoat.jpg,D:\Glance ML Interview\data\images\synthetic\synth_00273_green_raincoat.jpg,casual,synthetic
synth_00274_black_dress.jpg,D:\Glance ML Interview\data\images\synthetic\synth_00274_black_dress.jpg,formal,synthetic
synth_00275_white_hoodie.jpg,D:\Glance ML Interview\data\images\synthetic\synth_00275_white_hoodie.jpg,formal,synthetic
synth_00276_navy_coat.jpg,D:\Glance ML Interview\data\images\synthetic\synth_00276_navy_coat.jpg,formal,synthetic
synth_00277_orange_tie.jpg,D:\Glance ML Interview\data\images\synthetic\synth_00277_orange_tie.jpg,outerwear,synthetic
synth_00278_pink_sweater.jpg,D:\Glance ML Interview\data\images\synthetic\synth_00278_pink_sweater.jpg,mixed,synthetic
synth_00279_purple_blouse.jpg,D:\Glance ML Interview\data\images\synthetic\synth_00279_purple_blouse.jpg,mixed,synthetic
synth_00280_grey_blazer.jpg,D:\Glance ML Interview\data\images\synthetic\synth_00280_grey_blazer.jpg,mixed,synthetic
synth_00281_brown_shirt.jpg,D:\Glance ML Interview\data\images\synthetic\synth_00281_brown_shirt.jpg,outerwear,synthetic
synth_00282_teal_jacket.jpg,D:\Glance ML Interview\data\images\synthetic\synth_00282_teal_jacket.jpg,casual,synthetic
synth_00283_olive_raincoat.jpg,D:\Glance ML Interview\data\images\synthetic\synth_00283_olive_raincoat.jpg,outerwear,synthetic
synth_00284_maroon_dress.jpg,D:\Glance ML Interview\data\images\synthetic\synth_00284_maroon_dress.jpg,formal,synthetic
synth_00285_red_hoodie.jpg,D:\Glance ML Interview\data\images\synthetic\synth_00285_red_hoodie.jpg,casual,synthetic
synth_00286_blue_coat.jpg,D:\Glance ML Interview\data\images\synthetic\synth_00286_blue_coat.jpg,casual,synthetic
synth_00287_yellow_tie.jpg,D:\Glance ML Interview\data\images\synthetic\synth_00287_yellow_tie.jpg,outerwear,synthetic
synth_00288_green_sweater.jpg,D:\Glance ML Interview\data\images\synthetic\synth_00288_green_sweater.jpg,casual,synthetic
synth_00289_black_blouse.jpg,D:\Glance ML Interview\data\images\synthetic\synth_00289_black_blouse.jpg,formal,synthetic
synth_00290_white_blazer.jpg,D:\Glance ML Interview\data\images\synthetic\synth_00290_white_blazer.jpg,formal,synthetic
synth_00291_navy_shirt.jpg,D:\Glance ML Interview\data\images\synthetic\synth_00291_navy_shirt.jpg,formal,synthetic
synth_00292_orange_jacket.jpg,D:\Glance ML Interview\data\images\synthetic\synth_00292_orange_jacket.jpg,outerwear,synthetic
synth_00293_pink_raincoat.jpg,D:\Glance ML Interview\data\images\synthetic\synth_00293_pink_raincoat.jpg,mixed,synthetic
synth_00294_purple_dress.jpg,D:\Glance ML Interview\data\images\synthetic\synth_00294_purple_dress.jpg,mixed,synthetic
synth_00295_grey_hoodie.jpg,D:\Glance ML Interview\data\images\synthetic\synth_00295_grey_hoodie.jpg,mixed,synthetic
synth_00296_brown_coat.jpg,D:\Glance ML Interview\data\images\synthetic\synth_00296_brown_coat.jpg,outerwear,synthetic
synth_00297_teal_tie.jpg,D:\Glance ML Interview\data\images\synthetic\synth_00297_teal_tie.jpg,casual,synthetic
synth_00298_olive_sweater.jpg,D:\Glance ML Interview\data\images\synthetic\synth_00298_olive_sweater.jpg,outerwear,synthetic
synth_00299_maroon_blouse.jpg,D:\Glance ML Interview\data\images\synthetic\synth_00299_maroon_blouse.jpg,formal,synthetic
synth_00300_red_blazer.jpg,D:\Glance ML Interview\data\images\synthetic\synth_00300_red_blazer.jpg,casual,synthetic
synth_00301_blue_shirt.jpg,D:\Glance ML Interview\data\images\synthetic\synth_00301_blue_shirt.jpg,casual,synthetic
synth_00302_yellow_jacket.jpg,D:\Glance ML Interview\data\images\synthetic\synth_00302_yellow_jacket.jpg,outerwear,synthetic
synth_00303_green_raincoat.jpg,D:\Glance ML Interview\data\images\synthetic\synth_00303_green_raincoat.jpg,casual,synthetic
synth_00304_black_dress.jpg,D:\Glance ML Interview\data\images\synthetic\synth_00304_black_dress.jpg,formal,synthetic
synth_00305_white_hoodie.jpg,D:\Glance ML Interview\data\images\synthetic\synth_00305_white_hoodie.jpg,formal,synthetic
synth_00306_navy_coat.jpg,D:\Glance ML Interview\data\images\synthetic\synth_00306_navy_coat.jpg,formal,synthetic
synth_00307_orange_tie.jpg,D:\Glance ML Interview\data\images\synthetic\synth_00307_orange_tie.jpg,outerwear,synthetic
synth_00308_pink_sweater.jpg,D:\Glance ML Interview\data\images\synthetic\synth_00308_pink_sweater.jpg,mixed,synthetic
synth_00309_purple_blouse.jpg,D:\Glance ML Interview\data\images\synthetic\synth_00309_purple_blouse.jpg,mixed,synthetic
synth_00310_grey_blazer.jpg,D:\Glance ML Interview\data\images\synthetic\synth_00310_grey_blazer.jpg,mixed,synthetic
synth_00311_brown_shirt.jpg,D:\Glance ML Interview\data\images\synthetic\synth_00311_brown_shirt.jpg,outerwear,synthetic
synth_00312_teal_jacket.jpg,D:\Glance ML Interview\data\images\synthetic\synth_00312_teal_jacket.jpg,casual,synthetic
synth_00313_olive_raincoat.jpg,D:\Glance ML Interview\data\images\synthetic\synth_00313_olive_raincoat.jpg,outerwear,synthetic
synth_00314_maroon_dress.jpg,D:\Glance ML Interview\data\images\synthetic\synth_00314_maroon_dress.jpg,formal,synthetic
synth_00315_red_hoodie.jpg,D:\Glance ML Interview\data\images\synthetic\synth_00315_red_hoodie.jpg,casual,synthetic
synth_00316_blue_coat.jpg,D:\Glance ML Interview\data\images\synthetic\synth_00316_blue_coat.jpg,casual,synthetic
synth_00317_yellow_tie.jpg,D:\Glance ML Interview\data\images\synthetic\synth_00317_yellow_tie.jpg,outerwear,synthetic
synth_00318_green_sweater.jpg,D:\Glance ML Interview\data\images\synthetic\synth_00318_green_sweater.jpg,casual,synthetic
synth_00319_black_blouse.jpg,D:\Glance ML Interview\data\images\synthetic\synth_00319_black_blouse.jpg,formal,synthetic
synth_00320_white_blazer.jpg,D:\Glance ML Interview\data\images\synthetic\synth_00320_white_blazer.jpg,formal,synthetic
synth_00321_navy_shirt.jpg,D:\Glance ML Interview\data\images\synthetic\synth_00321_navy_shirt.jpg,formal,synthetic
synth_00322_orange_jacket.jpg,D:\Glance ML Interview\data\images\synthetic\synth_00322_orange_jacket.jpg,outerwear,synthetic
synth_00323_pink_raincoat.jpg,D:\Glance ML Interview\data\images\synthetic\synth_00323_pink_raincoat.jpg,mixed,synthetic
synth_00324_purple_dress.jpg,D:\Glance ML Interview\data\images\synthetic\synth_00324_purple_dress.jpg,mixed,synthetic
synth_00325_grey_hoodie.jpg,D:\Glance ML Interview\data\images\synthetic\synth_00325_grey_hoodie.jpg,mixed,synthetic
synth_00326_brown_coat.jpg,D:\Glance ML Interview\data\images\synthetic\synth_00326_brown_coat.jpg,outerwear,synthetic
synth_00327_teal_tie.jpg,D:\Glance ML Interview\data\images\synthetic\synth_00327_teal_tie.jpg,casual,synthetic
synth_00328_olive_sweater.jpg,D:\Glance ML Interview\data\images\synthetic\synth_00328_olive_sweater.jpg,outerwear,synthetic
synth_00329_maroon_blouse.jpg,D:\Glance ML Interview\data\images\synthetic\synth_00329_maroon_blouse.jpg,formal,synthetic
synth_00330_red_blazer.jpg,D:\Glance ML Interview\data\images\synthetic\synth_00330_red_blazer.jpg,casual,synthetic
synth_00331_blue_shirt.jpg,D:\Glance ML Interview\data\images\synthetic\synth_00331_blue_shirt.jpg,casual,synthetic
synth_00332_yellow_jacket.jpg,D:\Glance ML Interview\data\images\synthetic\synth_00332_yellow_jacket.jpg,outerwear,synthetic
synth_00333_green_raincoat.jpg,D:\Glance ML Interview\data\images\synthetic\synth_00333_green_raincoat.jpg,casual,synthetic
synth_00334_black_dress.jpg,D:\Glance ML Interview\data\images\synthetic\synth_00334_black_dress.jpg,formal,synthetic
synth_00335_white_hoodie.jpg,D:\Glance ML Interview\data\images\synthetic\synth_00335_white_hoodie.jpg,formal,synthetic
synth_00336_navy_coat.jpg,D:\Glance ML Interview\data\images\synthetic\synth_00336_navy_coat.jpg,formal,synthetic
synth_00337_orange_tie.jpg,D:\Glance ML Interview\data\images\synthetic\synth_00337_orange_tie.jpg,outerwear,synthetic
synth_00338_pink_sweater.jpg,D:\Glance ML Interview\data\images\synthetic\synth_00338_pink_sweater.jpg,mixed,synthetic
synth_00339_purple_blouse.jpg,D:\Glance ML Interview\data\images\synthetic\synth_00339_purple_blouse.jpg,mixed,synthetic
synth_00340_grey_blazer.jpg,D:\Glance ML Interview\data\images\synthetic\synth_00340_grey_blazer.jpg,mixed,synthetic
synth_00341_brown_shirt.jpg,D:\Glance ML Interview\data\images\synthetic\synth_00341_brown_shirt.jpg,outerwear,synthetic
synth_00342_teal_jacket.jpg,D:\Glance ML Interview\data\images\synthetic\synth_00342_teal_jacket.jpg,casual,synthetic
synth_00343_olive_raincoat.jpg,D:\Glance ML Interview\data\images\synthetic\synth_00343_olive_raincoat.jpg,outerwear,synthetic
synth_00344_maroon_dress.jpg,D:\Glance ML Interview\data\images\synthetic\synth_00344_maroon_dress.jpg,formal,synthetic
synth_00345_red_hoodie.jpg,D:\Glance ML Interview\data\images\synthetic\synth_00345_red_hoodie.jpg,casual,synthetic
synth_00346_blue_coat.jpg,D:\Glance ML Interview\data\images\synthetic\synth_00346_blue_coat.jpg,casual,synthetic
synth_00347_yellow_tie.jpg,D:\Glance ML Interview\data\images\synthetic\synth_00347_yellow_tie.jpg,outerwear,synthetic
synth_00348_green_sweater.jpg,D:\Glance ML Interview\data\images\synthetic\synth_00348_green_sweater.jpg,casual,synthetic
synth_00349_black_blouse.jpg,D:\Glance ML Interview\data\images\synthetic\synth_00349_black_blouse.jpg,formal,synthetic
synth_00350_white_blazer.jpg,D:\Glance ML Interview\data\images\synthetic\synth_00350_white_blazer.jpg,formal,synthetic
synth_00351_navy_shirt.jpg,D:\Glance ML Interview\data\images\synthetic\synth_00351_navy_shirt.jpg,formal,synthetic
synth_00352_orange_jacket.jpg,D:\Glance ML Interview\data\images\synthetic\synth_00352_orange_jacket.jpg,outerwear,synthetic
synth_00353_pink_raincoat.jpg,D:\Glance ML Interview\data\images\synthetic\synth_00353_pink_raincoat.jpg,mixed,synthetic
synth_00354_purple_dress.jpg,D:\Glance ML Interview\data\images\synthetic\synth_00354_purple_dress.jpg,mixed,synthetic
synth_00355_grey_hoodie.jpg,D:\Glance ML Interview\data\images\synthetic\synth_00355_grey_hoodie.jpg,mixed,synthetic
synth_00356_brown_coat.jpg,D:\Glance ML Interview\data\images\synthetic\synth_00356_brown_coat.jpg,outerwear,synthetic
synth_00357_teal_tie.jpg,D:\Glance ML Interview\data\images\synthetic\synth_00357_teal_tie.jpg,casual,synthetic
synth_00358_olive_sweater.jpg,D:\Glance ML Interview\data\images\synthetic\synth_00358_olive_sweater.jpg,outerwear,synthetic
synth_00359_maroon_blouse.jpg,D:\Glance ML Interview\data\images\synthetic\synth_00359_maroon_blouse.jpg,formal,synthetic
synth_00360_red_blazer.jpg,D:\Glance ML Interview\data\images\synthetic\synth_00360_red_blazer.jpg,casual,synthetic
synth_00361_blue_shirt.jpg,D:\Glance ML Interview\data\images\synthetic\synth_00361_blue_shirt.jpg,casual,synthetic
synth_00362_yellow_jacket.jpg,D:\Glance ML Interview\data\images\synthetic\synth_00362_yellow_jacket.jpg,outerwear,synthetic
synth_00363_green_raincoat.jpg,D:\Glance ML Interview\data\images\synthetic\synth_00363_green_raincoat.jpg,casual,synthetic
synth_00364_black_dress.jpg,D:\Glance ML Interview\data\images\synthetic\synth_00364_black_dress.jpg,formal,synthetic
synth_00365_white_hoodie.jpg,D:\Glance ML Interview\data\images\synthetic\synth_00365_white_hoodie.jpg,formal,synthetic
synth_00366_navy_coat.jpg,D:\Glance ML Interview\data\images\synthetic\synth_00366_navy_coat.jpg,formal,synthetic
synth_00367_orange_tie.jpg,D:\Glance ML Interview\data\images\synthetic\synth_00367_orange_tie.jpg,outerwear,synthetic
synth_00368_pink_sweater.jpg,D:\Glance ML Interview\data\images\synthetic\synth_00368_pink_sweater.jpg,mixed,synthetic
synth_00369_purple_blouse.jpg,D:\Glance ML Interview\data\images\synthetic\synth_00369_purple_blouse.jpg,mixed,synthetic
synth_00370_grey_blazer.jpg,D:\Glance ML Interview\data\images\synthetic\synth_00370_grey_blazer.jpg,mixed,synthetic
synth_00371_brown_shirt.jpg,D:\Glance ML Interview\data\images\synthetic\synth_00371_brown_shirt.jpg,outerwear,synthetic
synth_00372_teal_jacket.jpg,D:\Glance ML Interview\data\images\synthetic\synth_00372_teal_jacket.jpg,casual,synthetic
synth_00373_olive_raincoat.jpg,D:\Glance ML Interview\data\images\synthetic\synth_00373_olive_raincoat.jpg,outerwear,synthetic
synth_00374_maroon_dress.jpg,D:\Glance ML Interview\data\images\synthetic\synth_00374_maroon_dress.jpg,formal,synthetic
synth_00375_red_hoodie.jpg,D:\Glance ML Interview\data\images\synthetic\synth_00375_red_hoodie.jpg,casual,synthetic
synth_00376_blue_coat.jpg,D:\Glance ML Interview\data\images\synthetic\synth_00376_blue_coat.jpg,casual,synthetic
synth_00377_yellow_tie.jpg,D:\Glance ML Interview\data\images\synthetic\synth_00377_yellow_tie.jpg,outerwear,synthetic
synth_00378_green_sweater.jpg,D:\Glance ML Interview\data\images\synthetic\synth_00378_green_sweater.jpg,casual,synthetic
synth_00379_black_blouse.jpg,D:\Glance ML Interview\data\images\synthetic\synth_00379_black_blouse.jpg,formal,synthetic
synth_00380_white_blazer.jpg,D:\Glance ML Interview\data\images\synthetic\synth_00380_white_blazer.jpg,formal,synthetic
synth_00381_navy_shirt.jpg,D:\Glance ML Interview\data\images\synthetic\synth_00381_navy_shirt.jpg,formal,synthetic
synth_00382_orange_jacket.jpg,D:\Glance ML Interview\data\images\synthetic\synth_00382_orange_jacket.jpg,outerwear,synthetic
synth_00383_pink_raincoat.jpg,D:\Glance ML Interview\data\images\synthetic\synth_00383_pink_raincoat.jpg,mixed,synthetic
synth_00384_purple_dress.jpg,D:\Glance ML Interview\data\images\synthetic\synth_00384_purple_dress.jpg,mixed,synthetic
synth_00385_grey_hoodie.jpg,D:\Glance ML Interview\data\images\synthetic\synth_00385_grey_hoodie.jpg,mixed,synthetic
synth_00386_brown_coat.jpg,D:\Glance ML Interview\data\images\synthetic\synth_00386_brown_coat.jpg,outerwear,synthetic
synth_00387_teal_tie.jpg,D:\Glance ML Interview\data\images\synthetic\synth_00387_teal_tie.jpg,casual,synthetic
synth_00388_olive_sweater.jpg,D:\Glance ML Interview\data\images\synthetic\synth_00388_olive_sweater.jpg,outerwear,synthetic
synth_00389_maroon_blouse.jpg,D:\Glance ML Interview\data\images\synthetic\synth_00389_maroon_blouse.jpg,formal,synthetic
synth_00390_red_blazer.jpg,D:\Glance ML Interview\data\images\synthetic\synth_00390_red_blazer.jpg,casual,synthetic
synth_00391_blue_shirt.jpg,D:\Glance ML Interview\data\images\synthetic\synth_00391_blue_shirt.jpg,casual,synthetic
synth_00392_yellow_jacket.jpg,D:\Glance ML Interview\data\images\synthetic\synth_00392_yellow_jacket.jpg,outerwear,synthetic
synth_00393_green_raincoat.jpg,D:\Glance ML Interview\data\images\synthetic\synth_00393_green_raincoat.jpg,casual,synthetic
synth_00394_black_dress.jpg,D:\Glance ML Interview\data\images\synthetic\synth_00394_black_dress.jpg,formal,synthetic
synth_00395_white_hoodie.jpg,D:\Glance ML Interview\data\images\synthetic\synth_00395_white_hoodie.jpg,formal,synthetic
synth_00396_navy_coat.jpg,D:\Glance ML Interview\data\images\synthetic\synth_00396_navy_coat.jpg,formal,synthetic
synth_00397_orange_tie.jpg,D:\Glance ML Interview\data\images\synthetic\synth_00397_orange_tie.jpg,outerwear,synthetic
synth_00398_pink_sweater.jpg,D:\Glance ML Interview\data\images\synthetic\synth_00398_pink_sweater.jpg,mixed,synthetic
synth_00399_purple_blouse.jpg,D:\Glance ML Interview\data\images\synthetic\synth_00399_purple_blouse.jpg,mixed,synthetic
synth_00400_grey_blazer.jpg,D:\Glance ML Interview\data\images\synthetic\synth_00400_grey_blazer.jpg,mixed,synthetic
synth_00401_brown_shirt.jpg,D:\Glance ML Interview\data\images\synthetic\synth_00401_brown_shirt.jpg,outerwear,synthetic
synth_00402_teal_jacket.jpg,D:\Glance ML Interview\data\images\synthetic\synth_00402_teal_jacket.jpg,casual,synthetic
synth_00403_olive_raincoat.jpg,D:\Glance ML Interview\data\images\synthetic\synth_00403_olive_raincoat.jpg,outerwear,synthetic
synth_00404_maroon_dress.jpg,D:\Glance ML Interview\data\images\synthetic\synth_00404_maroon_dress.jpg,formal,synthetic
synth_00405_red_hoodie.jpg,D:\Glance ML Interview\data\images\synthetic\synth_00405_red_hoodie.jpg,casual,synthetic
synth_00406_blue_coat.jpg,D:\Glance ML Interview\data\images\synthetic\synth_00406_blue_coat.jpg,casual,synthetic
synth_00407_yellow_tie.jpg,D:\Glance ML Interview\data\images\synthetic\synth_00407_yellow_tie.jpg,outerwear,synthetic
synth_00408_green_sweater.jpg,D:\Glance ML Interview\data\images\synthetic\synth_00408_green_sweater.jpg,casual,synthetic
synth_00409_black_blouse.jpg,D:\Glance ML Interview\data\images\synthetic\synth_00409_black_blouse.jpg,formal,synthetic
synth_00410_white_blazer.jpg,D:\Glance ML Interview\data\images\synthetic\synth_00410_white_blazer.jpg,formal,synthetic
synth_00411_navy_shirt.jpg,D:\Glance ML Interview\data\images\synthetic\synth_00411_navy_shirt.jpg,formal,synthetic
synth_00412_orange_jacket.jpg,D:\Glance ML Interview\data\images\synthetic\synth_00412_orange_jacket.jpg,outerwear,synthetic
